{
    "description": "The settings in this file are persisted server-side. This file is generated automatically. Editing it is not recommended. Modify SettingsToPersist.json to specify which settings are persisted.",
    "files": [
        {
            "name": "Game.cfg",
            "sections": [
                {
                    "name": "Chat",
                    "settings": [
                        {
                            "name": "ChatX",
                            "value": "0"
                        },
                        {
                            "name": "ChatY",
                            "value": "0"
                        },
                        {
                            "name": "EnableChatFilter",
                            "value": "1"
                        },
                        {
                            "name": "Transparency",
                            "value": "0.0000"
                        }
                    ]
                },
                {
                    "name": "ColorPalette",
                    "settings": [
                        {
                            "name": "ColorPalette",
                            "value": "1"
                        }
                    ]
                },
                {
                    "name": "FloatingText",
                    "settings": [
                        {
                            "name": "Absorbed_Enabled",
                            "value": "1"
                        },
                        {
                            "name": "Critical_Enabled",
                            "value": "1"
                        },
                        {
                            "name": "Debug_Enabled",
                            "value": "1"
                        },
                        {
                            "name": "EnemyCritical_Enabled",
                            "value": "1"
                        },
                        {
                            "name": "EnemyMagicalDamageCritical_Enabled",
                            "value": "1"
                        },
                        {
                            "name": "EnemyPhysicalDamageCritical_Enabled",
                            "value": "1"
                        },
                        {
                            "name": "EnemyTrueDamageCritical_Enabled",
                            "value": "1"
                        },
                        {
                            "name": "LegacyCritical_Enabled",
                            "value": "1"
                        },
                        {
                            "name": "Legacy_Enabled",
                            "value": "0"
                        },
                        {
                            "name": "MagicCritical_Enabled",
                            "value": "1"
                        },
                        {
                            "name": "MagicalDamageCritical_Enabled",
                            "value": "1"
                        },
                        {
                            "name": "OMW_Enabled",
                            "value": "1"
                        },
                        {
                            "name": "PhysicalDamageCritical_Enabled",
                            "value": "1"
                        },
                        {
                            "name": "TrueDamageCritical_Enabled",
                            "value": "1"
                        }
                    ]
                },
                {
                    "name": "General",
                    "settings": [
                        {
                            "name": "AutoAcquireTarget",
                            "value": "0"
                        },
                        {
                            "name": "EnableAudio",
                            "value": "1"
                        },
                        {
                            "name": "EnableLeftMouseButtonAttackMove",
                            "value": "0"
                        },
                        {
                            "name": "EnableTargetedAttackMove",
                            "value": "1"
                        },
                        {
                            "name": "GameMouseSpeed",
                            "value": "12"
                        },
                        {
                            "name": "OSXMouseAcceleration",
                            "value": "0"
                        },
                        {
                            "name": "PredictMovement",
                            "value": "0"
                        },
                        {
                            "name": "RelativeTeamColors",
                            "value": "1"
                        },
                        {
                            "name": "ShowTurretRangeIndicators",
                            "value": "1"
                        },
                        {
                            "name": "SnapCameraOnRespawn",
                            "value": "1"
                        },
                        {
                            "name": "ThemeMusic",
                            "value": "0"
                        }
                    ]
                },
                {
                    "name": "HUD",
                    "settings": [
                        {
                            "name": "CameraLockMode",
                            "value": "0"
                        },
                        {
                            "name": "ChatScale",
                            "value": "80"
                        },
                        {
                            "name": "DisableHudSpellClick",
                            "value": "0"
                        },
                        {
                            "name": "DisableMouseCaptureDebugger",
                            "value": "0"
                        },
                        {
                            "name": "EnableLineMissileVis",
                            "value": "1"
                        },
                        {
                            "name": "EnableSnowEffect",
                            "value": "DEPRECATED"
                        },
                        {
                            "name": "FlashScreenWhenStunned",
                            "value": "0"
                        },
                        {
                            "name": "FlipMiniMap",
                            "value": "0"
                        },
                        {
                            "name": "GlobalScale",
                            "value": "1.0000"
                        },
                        {
                            "name": "HideEnemySummonerEmotes",
                            "value": "0"
                        },
                        {
                            "name": "ItemShopItemDisplayMode",
                            "value": "1"
                        },
                        {
                            "name": "ItemShopPrevResizeHeight",
                            "value": "1080"
                        },
                        {
                            "name": "ItemShopPrevResizeWidth",
                            "value": "1920"
                        },
                        {
                            "name": "ItemShopPrevX",
                            "value": "190"
                        },
                        {
                            "name": "ItemShopPrevY",
                            "value": "15"
                        },
                        {
                            "name": "ItemShopResizeHeight",
                            "value": "0"
                        },
                        {
                            "name": "ItemShopResizeWidth",
                            "value": "260"
                        },
                        {
                            "name": "ItemShopStartPane",
                            "value": "1"
                        },
                        {
                            "name": "KeyboardScrollSpeed",
                            "value": "0.5000"
                        },
                        {
                            "name": "LockCamera",
                            "value": "0"
                        },
                        {
                            "name": "MapScrollSpeed",
                            "value": "0.6500"
                        },
                        {
                            "name": "MiddleClickDragScrollEnabled",
                            "value": "0"
                        },
                        {
                            "name": "MiddleMouseScrollSpeed",
                            "value": "0.5000"
                        },
                        {
                            "name": "MinimapMoveSelf",
                            "value": "1"
                        },
                        {
                            "name": "MinimapScale",
                            "value": "1.0000"
                        },
                        {
                            "name": "MirroredScoreboard",
                            "value": "0"
                        },
                        {
                            "name": "NameTagDisplay",
                            "value": "1"
                        },
                        {
                            "name": "NewAggroIndicator",
                            "value": "0"
                        },
                        {
                            "name": "NumericCooldownFormat",
                            "value": "1"
                        },
                        {
                            "name": "PracticeToolScale",
                            "value": "1.0000"
                        },
                        {
                            "name": "ScrollSmoothingEnabled",
                            "value": "0"
                        },
                        {
                            "name": "ShowAllChannelChat",
                            "value": "1"
                        },
                        {
                            "name": "ShowAttackRadius",
                            "value": "0"
                        },
                        {
                            "name": "ShowChampionIndicator",
                            "value": "0"
                        },
                        {
                            "name": "ShowMetrics",
                            "value": "1"
                        },
                        {
                            "name": "ShowPlayerStats",
                            "value": "1"
                        },
                        {
                            "name": "ShowSpellCosts",
                            "value": "1"
                        },
                        {
                            "name": "ShowSummonerNames",
                            "value": "1"
                        },
                        {
                            "name": "ShowSummonerNamesInScoreboard",
                            "value": "0"
                        },
                        {
                            "name": "ShowTeamFramesOnLeft",
                            "value": "0"
                        },
                        {
                            "name": "ShowTimestamps",
                            "value": "1"
                        },
                        {
                            "name": "SmartCastOnKeyRelease",
                            "value": "0"
                        },
                        {
                            "name": "SmartCastWithIndicator_CastWhenNewSpellSelected",
                            "value": "0"
                        }
                    ]
                },
                {
                    "name": "Performance",
                    "settings": [
                        {
                            "name": "EnableHUDAnimations",
                            "value": "1"
                        }
                    ]
                },
                {
                    "name": "Volume",
                    "settings": [
                        {
                            "name": "AmbienceVolume",
                            "value": "0.24"
                        },
                        {
                            "name": "AnnouncerVolume",
                            "value": "0.21"
                        },
                        {
                            "name": "MasterVolume",
                            "value": "0.16"
                        },
                        {
                            "name": "MusicVolume",
                            "value": "0.22"
                        },
                        {
                            "name": "PingsVolume",
                            "value": "0.24"
                        },
                        {
                            "name": "SfxVolume",
                            "value": "0.24"
                        },
                        {
                            "name": "VoiceVolume",
                            "value": "0.67"
                        }
                    ]
                }
            ]
        },
        {
            "name": "Input.ini",
            "sections": [
                {
                    "name": "GameEvents",
                    "settings": [
                        {
                            "name": "evtChatHistory",
                            "value": "[<Unbound>]"
                        },
                        {
                            "name": "evtNormalCastSpell1",
                            "value": "[a]"
                        },
                        {
                            "name": "evtPlayerAttackMove",
                            "value": "[<Unbound>],[x]"
                        },
                        {
                            "name": "evtPlayerAttackMoveClick",
                            "value": "[z]"
                        },
                        {
                            "name": "evtUseItem1",
                            "value": "[1]"
                        },
                        {
                            "name": "evtUseItem2",
                            "value": "[2]"
                        },
                        {
                            "name": "evtUseItem3",
                            "value": "[3]"
                        }
                    ]
                },
                {
                    "name": "Quickbinds",
                    "settings": [
                        {
                            "name": "evtCastAvatarSpell1smart",
                            "value": "1"
                        },
                        {
                            "name": "evtCastAvatarSpell2smart",
                            "value": "1"
                        },
                        {
                            "name": "evtCastSpell1smart",
                            "value": "1"
                        },
                        {
                            "name": "evtCastSpell2smart",
                            "value": "1"
                        },
                        {
                            "name": "evtCastSpell3smart",
                            "value": "1"
                        },
                        {
                            "name": "evtCastSpell4smart",
                            "value": "1"
                        },
                        {
                            "name": "evtUseItem1smart",
                            "value": "1"
                        },
                        {
                            "name": "evtUseItem2smart",
                            "value": "1"
                        },
                        {
                            "name": "evtUseItem3smart",
                            "value": "1"
                        },
                        {
                            "name": "evtUseItem4smart",
                            "value": "1"
                        },
                        {
                            "name": "evtUseItem5smart",
                            "value": "1"
                        },
                        {
                            "name": "evtUseItem6smart",
                            "value": "1"
                        },
                        {
                            "name": "evtUseVisionItemsmart",
                            "value": "1"
                        }
                    ]
                }
            ]
        }
    ]
}